City,Country,Lat,Long,Cloudiness,Max Temperature,Humidity,Windspeed
andorra la vella,ad,42.5,1.5166667,0,50,53,1.59
canillo,ad,42.5666667,1.6,0,50,53,1.59
encamp,ad,42.533333299999995,1.5833333,0,50,53,1.59
la massana,ad,42.55,1.5166667,0,50,53,1.59
les escaldes,ad,42.5,1.5333333,0,50,53,1.59
ordino,ad,42.55,1.5333333,0,50,53,1.59
sant julia de loria,ad,42.466666700000005,1.5,0,50,68,1.36
abu dhabi,ae,24.466667,54.36666700000001,20,78.8,44,16.11
dubai,ae,25.258172000000002,55.304717000000004,0,78.01,38,8.05
sharjah,ae,25.357310000000002,55.403304000000006,0,78.01,38,8.05
asadabad,af,34.873113000000004,71.14697,20,30.2,80,1.36
asmar,af,35.033328000000004,71.358087,92,44.72,86,1.92
baglan,af,36.130684,68.708286,90,50,100,8.05
bagrami,af,34.493761,69.274274,90,42.8,81,1.12
baraki barak,af,33.9675,68.948611,92,31.94,99,2.37
dawlatabad,af,36.432589,64.920713,92,47.6,93,6.4
dawlatabad,af,36.98782,66.82066,92,47.6,93,6.4
farah,af,32.374508,62.116383,88,51.56,77,7.07
gardez,af,33.597439,69.225922,88,29.51,100,2.48
herat,af,34.348167,62.199673,68,37.07,85,2.37
jalalabad,af,34.426468,70.45153,48,37.52,90,1.7
jurm,af,36.864768,70.83420699999999,76,16.28,83,1.7
kabul,af,34.516667,69.18333299999999,90,42.8,81,1.12
kholm,af,36.697362,67.698255,64,33.11,71,17.36
mehtar lam,af,34.671389000000005,70.20944399999999,64,38.06,97,1.81
mirabad,af,30.436244,61.838304,0,49.58,75,8.75
nahrin,af,36.064904,69.13343,12,35,62,3.38
nuristan,af,34.95,70.4,90,51.8,93,9.17
panjab,af,34.387949,67.023273,68,16.73,91,1.7
qarchi gak,af,37.039988,66.788912,90,50,93,13.87
qarqin,af,37.404464000000004,66.074375,88,51.29,97,11.43
sangin,af,32.072752,64.835903,88,51.74,89,2.93
sar-e pul,af,36.215443,65.932487,92,38.42,96,3.15
sharan,af,33.146667,68.791667,92,32.39,96,1.25
tagab,af,34.855007,69.64917,90,42.8,81,1.12
taloqan,af,36.734133,69.533559,64,39.86,81,1.36
taywarah,af,33.521176000000004,64.42115600000001,92,28.52,91,2.15
uruzgan,af,32.927751,66.63253399999999,92,30.14,96,0.92
zaranj,af,30.966666999999998,61.88333299999999,75,60.8,48,18.34
bajram curri,al,42.3572222,20.0730556,0,59,28,11.41
ballsh,al,40.5988889,19.734722199999997,0,45.17,62,3.04
berat,al,40.7058333,19.952222199999998,0,45.17,62,3.04
bilisht,al,40.6275,20.99,0,34.46,100,2.93
bulqize,al,41.4916667,20.221944399999998,0,44.6,75,4.7
burrel,al,41.6102778,20.0088889,0,44.6,75,4.7
cerrik,al,41.0316667,19.9758333,0,44.6,75,4.7
corovode,al,40.5041667,20.227222199999996,12,35.09,78,2.15
delvine,al,39.951111100000006,20.097777800000003,0,52,87,3.36
durres,al,41.3230556,19.4413889,0,44.6,75,4.7
elbasan,al,41.1125,20.082222199999997,0,44.6,75,4.7
erseke,al,40.3377778,20.6788889,0,33.92,84,1.7
fier,al,40.7238889,19.5561111,0,45.17,62,3.04
fushe-arrez,al,42.0622222,20.0166667,0,46.34,46,6.29
fushe-kruje,al,41.478333299999996,19.7177778,0,44.6,75,4.7
gjirokaster,al,40.0758333,20.1388889,0,52,87,3.36
gramsh,al,40.8697222,20.1844444,12,35.09,78,2.15
himare,al,40.1016667,19.7447222,0,52,87,3.36
kavaje,al,41.1855556,19.5569444,0,44.6,75,4.7
kelcyre,al,40.313055600000006,20.1894444,0,33.92,84,1.7
klos,al,41.484444399999994,20.1080556,0,44.6,75,4.7
konispol,al,39.658888899999994,20.181388899999998,0,52,87,3.36
koplik,al,42.2136111,19.4363889,0,59,28,11.41
korce,al,40.6186111,20.7808333,0,46,81,1.12
kruje,al,41.5091667,19.792777800000003,0,44.6,75,4.7
kucove,al,40.800277799999996,19.9166667,0,45.17,62,3.04
kukes,al,42.076944399999995,20.421944399999997,0,28.97,86,2.37
kurbnesh,al,41.7797222,20.0836111,0,44.6,75,4.7
lac,al,41.6355556,19.7130556,0,45,70,2.37
leskovik,al,40.15138889999999,20.597222199999997,0,33.92,84,1.7
lezhe,al,41.7836111,19.6436111,0,44.6,75,4.7
libohove,al,40.031111100000004,20.2630556,0,52,87,3.36
librazhd,al,41.179444399999994,20.315,0,44.6,75,4.7
lushnje,al,40.9419444,19.705,0,44.6,75,4.7
maliq,al,40.7058333,20.699722199999997,0,34.46,100,2.93
mamurras,al,41.5775,19.692222199999996,0,44.6,75,4.7
memaliaj,al,40.345833299999995,19.9791667,0,41.48,100,1.14
milot,al,41.6802778,19.7244444,36,76.85,96,3.71
orikum,al,40.3252778,19.4713889,0,58.76,96,8.41
patos,al,40.6833333,19.6194444,80,72.35,94,2.59
peqin,al,41.046111100000005,19.7511111,0,44.6,75,4.7
permet,al,40.233611100000005,20.3516667,0,33.92,84,1.7
peshkopi,al,41.685,20.4288889,0,44.6,75,4.7
pogradec,al,40.9025,20.6525,12,35.09,78,2.15
polican,al,40.6122222,20.098055600000002,0,45.17,62,3.04
puke,al,42.044444399999996,19.8997222,0,59,28,11.41
roskovec,al,40.7375,19.702222199999998,0,45.17,62,3.04
rreshen,al,41.7675,19.875555600000002,0,44.6,75,4.7
rrogozhine,al,41.0763889,19.665277800000002,0,44.6,75,4.7
rubik,al,41.77444439999999,19.7861111,0,44.6,75,4.7
sarande,al,39.875555600000006,20.0052778,0,52,87,3.36
selenice,al,40.53055560000001,19.6358333,0,45.17,62,3.04
shijak,al,41.345555600000004,19.567222199999996,0,44.6,75,4.7
shkoder,al,42.0675,19.5130556,0,59,28,11.41
tepelene,al,40.2958333,20.0191667,0,41.48,100,1.14
tirana,al,41.3275,19.8188889,0,48.2,70,2.24
vlore,al,40.466666700000005,19.4897222,0,58.76,96,8.41
vore,al,41.3908333,19.655,0,44.6,75,4.7
abovyan,am,40.048888899999994,44.5475,8,32,75,4.7
abovyan,am,40.2691667,44.624444399999994,8,32,75,4.7
agarakadzor,am,39.736388899999994,45.345555600000004,0,35.6,64,1.48
agarak,am,40.3077778,44.2847222,88,33.02,97,1.14
agarak,am,41.0105556,44.4675,88,33.02,97,1.14
agarak,am,39.203888899999995,46.5472222,88,33.02,97,1.14
aghavnadzor,am,40.584166700000004,44.6913889,56,32,86,4.7
aghavnadzor,am,39.7836111,45.228055600000005,56,32,86,4.7
aghavnatun,am,40.233611100000005,44.251388899999995,64,34.64,91,2.37
akhuryan,am,40.781388899999996,43.8963889,20,17.6,78,3.36
aknalich,am,40.143055600000004,44.1483333,8,32,75,4.7
aknashen,am,40.095833299999995,44.28611110000001,8,32,75,4.7
alaverdi,am,41.1305556,44.6519444,0,41,60,24.16
amasia,am,40.9466667,43.781388899999996,0,32,69,4.7
amberd,am,40.2416667,44.2727778,8,32,75,4.7
anushavan,am,40.64194439999999,43.9822222,20,32,78,3.36
apaga,am,40.0961111,44.2511111,8,32,75,4.7
aparan,am,40.5961111,44.3536111,0,32,82,4.7
aragats,am,40.3330556,43.658055600000004,8,32,75,4.7
aragats,am,40.2183333,44.2327778,8,32,75,4.7
aramus,am,40.2511111,44.66305560000001,8,32,75,4.7
arapi,am,40.7797222,43.8005556,8,72.71,65,9.42
ararat,am,39.8094444,44.7144444,8,82.99,42,5.99
arazap,am,40.042777799999996,44.1458333,8,32,75,4.7
archis,am,41.1641667,44.8725,0,41,60,24.16
areni,am,39.720833299999995,45.1838889,0,35.6,64,2.59
arevabuyr,am,40.03611110000001,44.468888899999996,8,32,75,4.7
arevashat,am,40.1416667,44.3708333,8,32,75,4.7
arevashogh,am,40.861388899999994,44.2727778,20,17.6,78,3.36
arevik,am,40.10055560000001,44.0969444,0,32,69,4.7
arevik,am,40.7361111,43.8927778,0,32,69,4.7
arevshat,am,40.0391667,44.5416667,8,32,75,4.7
arevshat,am,40.648611100000004,44.044444399999996,8,32,75,4.7
argavand,am,40.158055600000004,44.44,0,32,69,4.7
argavand,am,40.0608333,44.0952778,0,32,69,4.7
argel,am,40.3794444,44.599444399999996,8,32,75,4.7
armash,am,39.7666667,44.8083333,0,30.2,92,1.12
armavir,am,40.089722200000004,44.048333299999996,92,42.65,59,21.5
arshaluys,am,40.1688889,44.2141667,8,32,75,4.7
artashat,am,39.953888899999995,44.5505556,8,32,75,4.7
arteni,am,40.298333299999996,43.7541667,0,32,69,4.7
artimet,am,40.15138889999999,44.266388899999995,8,32,75,4.7
artsvaberd,am,40.833611100000006,45.4711111,24,21.95,81,1.03
artsvanist,am,40.154444399999996,45.5022222,0,14.93,87,3.6
arzakan,am,40.4494444,44.6063889,8,32,75,4.7
arzni,am,40.2963889,44.595833299999995,8,32,75,4.7
ashnak,am,40.3275,43.9166667,0,32,69,4.7
ashtarak,am,40.3016667,44.3591667,8,32,75,4.7
astghadzor,am,40.1238889,45.3566667,0,14.93,87,3.6
avshar,am,39.8405556,44.6836111,32,32,88,4.7
aygavan,am,39.8647222,44.6702778,32,32,88,4.7
aygedzor,am,39.4627778,46.4152778,0,35.6,64,1.14
aygehovit,am,40.974444399999996,45.2519444,64,34.64,91,2.37
aygek,am,40.1886111,44.3833333,64,34.64,91,2.37
aygepat,am,39.95,44.6,8,32,75,4.7
aygeshat,am,40.235555600000005,44.286666700000005,0,32,69,4.7
aygeshat,am,40.0666667,44.0666667,0,32,69,4.7
aygestan,am,40.0030556,44.5575,8,32,75,4.7
aygezard,am,39.9458333,44.6088889,8,32,75,4.7
aygut,am,40.6841667,45.173055600000005,56,17.9,86,1.7
ayrum,am,41.195,44.8925,0,41,60,24.16
ayrum,am,41.1716667,44.819166700000004,0,41,60,24.16
azatamut,am,40.9758333,45.1980556,56,17.9,86,1.7
azatan,am,40.7238889,43.820555600000006,20,21.2,78,3.36
azatavan,am,39.9833333,44.5,8,32,75,4.7
azatavan,am,40.1333333,44.0666667,8,32,75,4.7
baghramyan,am,40.1908333,43.849444399999996,0,32,69,4.7
bagratashen,am,41.2458333,44.8211111,0,41,60,24.16
balahovit,am,40.2536111,44.603888899999994,8,32,75,4.7
bambakashat,am,40.1144444,44.012222200000004,0,32,69,4.7
bardzrashen,am,40.0852778,44.5786111,20,21.2,78,3.36
bazum,am,40.868055600000005,44.445555600000006,20,17.6,78,3.36
berdavan,am,41.2027778,45.0033333,0,41,60,24.16
berd,am,40.8808333,45.3916667,24,21.95,81,1.03
brnakot,am,39.4969444,45.9730556,0,35.6,64,1.7
brun,am,39.533888899999994,46.30305560000001,80,11.69,85,0.36
buzhakan,am,40.4552778,44.5205556,8,32,75,4.7
byurakan,am,40.3413889,44.273611100000004,8,32,75,4.7
byuravan,am,40.0161111,44.5186111,8,32,75,4.7
byureghavan,am,40.3147222,44.593611100000004,8,32,75,4.7
chambarak,am,40.5952778,45.3475,24,21.95,81,1.03
chochkan,am,41.186111100000005,44.83138889999999,0,41,60,24.16
dalar,am,39.966944399999996,44.5363889,8,32,75,4.7
dalarik,am,40.2183333,43.8602778,0,32,69,4.7
darakert,am,40.1058333,44.413888899999996,8,32,75,4.7
darpas,am,40.838055600000004,44.423333299999996,20,17.6,78,3.36
dashtavan,am,40.1016667,44.390555600000006,8,32,75,4.7
ddmashen,am,40.57194439999999,44.8122222,56,32,86,4.7
dilijan,am,40.7408333,44.8630556,56,17.9,86,1.7
dimitrov,am,40.008055600000006,44.4880556,8,32,75,4.7
doghs,am,40.222777799999996,44.271666700000004,8,32,75,4.7
drakhtik,am,40.5688889,45.231944399999996,64,34.64,91,2.37
tumanyan,am,40.963333299999995,44.6516667,0,13.49,82,2.04
dvin,am,40.02,44.5852778,8,32,75,4.7
dzoraghbyur,am,40.205,44.643055600000004,8,32,75,4.7
fantan,am,40.3941667,44.685,8,32,75,4.7
fioletovo,am,40.7247222,44.71388889999999,56,17.9,86,1.7
gagarin,am,40.536944399999996,44.8577778,88,45.8,93,2.71
gandzak,am,40.3147222,45.111388899999994,8,32,73,4.7
garni,am,40.1194444,44.7230556,8,32,73,4.7
gavar,am,40.3588889,45.1266667,8,32,73,4.7
gay,am,40.0838889,44.305555600000005,80,24.8,92,2.24
geghamasar,am,40.3116667,45.68,0,14.93,87,3.6
geghamavan,am,40.561944399999994,44.8827778,56,32,86,4.7
geghanist,am,40.1497222,44.4344444,20,32,78,3.36
getahovit,am,40.8958333,45.1313889,56,17.9,86,1.7
getashen,am,40.0433333,43.9447222,0,32,69,4.7
getazat,am,40.03805560000001,44.563888899999995,8,32,75,4.7
ghukasavan,am,40.1261111,44.417777799999996,8,32,75,4.7
gladzor,am,39.7783333,45.347777799999996,0,35.6,64,1.48
gogaran,am,40.8955556,44.1991667,20,17.6,78,3.36
goris,am,39.5077778,46.3386111,88,29.15,98,1.7
gosh,am,40.7225,45.0033333,56,17.9,86,1.7
griboyedov,am,40.1130556,44.271666700000004,8,32,75,4.7
gyulagarak,am,40.9697222,44.471388899999994,20,17.6,78,3.36
gyumri,am,40.789444399999994,43.8475,20,21.2,78,3.36
haghartsin,am,40.7780556,44.9625,56,17.9,86,1.7
hayanist,am,40.1197222,44.3775,8,32,75,4.7
haykashen,am,40.0727778,44.3069444,8,32,75,4.7
haykavan,am,40.7558333,43.77,64,34.64,91,2.37
hnaberd,am,40.6427778,44.1444444,0,32,82,4.7
hoktember,am,40.1361111,44.0138889,0,32,69,4.7
horom,am,40.654166700000005,43.8822222,20,21.2,78,3.36
hovtashat,am,40.101944399999994,44.3427778,8,32,75,4.7
hovtashen,am,40.02444439999999,44.45,0,33.11,80,1.03
hrazdan,am,40.5016667,44.7547222,56,32,86,4.7
ijevan,am,40.875555600000006,45.1491667,56,17.9,86,1.7
janfida,am,40.04555560000001,44.0208333,0,32,69,4.7
jermuk,am,39.841666700000005,45.6722222,56,21.59,89,1.48
jrahovit,am,40.0452778,44.47361110000001,8,32,75,4.7
jrashen,am,40.7875,44.1972222,20,17.6,78,3.36
jrashen,am,40.0547222,44.5133333,20,17.6,78,3.36
kamaris,am,40.235833299999996,44.6938889,8,32,75,4.7
kamo,am,40.828055600000006,43.9483333,75,39.2,79,10.29
kanakeravan,am,40.2472222,44.536666700000005,8,32,75,4.7
kapan,am,39.201111100000006,46.415,88,33.02,97,1.14
kaputan,am,40.3244444,44.6938889,8,32,73,4.7
karbi,am,40.3338889,44.3777778,68,29.42,83,4.38
karchaghbyur,am,40.163888899999996,45.5722222,0,14.93,87,3.6
kasakh,am,40.533333299999995,44.4166667,0,32,82,4.7
khashtarak,am,40.9386111,45.1797222,56,17.9,86,1.7
khndzoresk,am,39.512222200000004,46.4336111,88,29.15,98,1.7
lanjaghbyur,am,40.273055600000006,45.1444444,8,32,73,4.7
lchashen,am,40.5202778,44.930833299999996,56,32,86,4.7
lenughi,am,40.1238889,43.9652778,0,32,69,4.7
lernakert,am,40.5669444,43.936111100000005,0,32,67,4.7
lernanist,am,40.4675,44.798055600000005,8,32,73,4.7
spitak,am,40.79555560000001,44.2783333,20,17.6,78,3.36
lernapat,am,40.82,44.3972222,20,17.6,78,3.36
lernavan,am,40.7883333,44.1844444,20,17.6,78,3.36
lorut,am,40.938888899999995,44.7725,56,17.9,86,1.7
lukashin,am,40.1758333,44.0186111,0,32,69,4.7
madina,am,40.0802778,45.2511111,0,80.6,83,8.05
malishka,am,39.7369444,45.3875,0,35.6,64,1.48
maralik,am,40.5722222,43.866944399999994,0,32,67,4.7
margahovit,am,40.7380556,44.6875,20,17.6,78,3.36
margara,am,40.0336111,44.173888899999994,8,32,75,4.7
marmarashen,am,40.0575,44.4711111,8,32,75,4.7
marmashen,am,40.8375,43.771944399999995,20,21.2,78,3.36
martuni,am,40.144722200000004,45.306388899999995,0,14.93,87,3.6
masis,am,40.0138889,44.485833299999996,8,32,75,4.7
mayakovski,am,40.2522222,44.6383333,8,32,75,4.7
meghradzor,am,40.6147222,44.652222200000004,0,32,82,4.7
meghrashen,am,40.6758333,43.9486111,64,34.64,91,2.37
meghri,am,38.902222200000004,46.2383333,88,33.02,97,1.14
merdzavan,am,40.1816667,44.3991667,8,32,75,4.7
metsamor,am,40.071388899999995,44.2891667,8,32,75,4.7
metsavan,am,41.201666700000004,44.228888899999994,20,17.6,78,3.36
mets masrik,am,40.218611100000004,45.7694444,0,14.93,87,3.6
mets parni,am,40.8372222,44.1091667,20,17.6,78,3.36
mosesgegh,am,40.906388899999996,45.4913889,24,21.95,81,1.03
mrganush,am,40.028611100000006,44.5586111,8,32,75,4.7
mrgashat,am,40.1297222,44.070555600000006,0,32,69,4.7
mrgashen,am,40.285,44.5422222,8,32,75,4.7
mrgavan,am,39.966111100000006,44.533333299999995,8,32,75,4.7
mrgavet,am,40.0283333,44.4827778,8,32,75,4.7
musayelyan,am,40.7652778,43.9908333,20,17.6,78,3.36
myasnikyan,am,40.1775,43.906388899999996,0,32,69,4.7
nalbandyan,am,40.0677778,43.985555600000005,0,32,69,4.7
navur,am,40.861388899999994,45.3175,24,21.95,81,1.03
nizami,am,40.0913889,44.404166700000005,8,32,75,4.7
norakert,am,40.1922222,44.3466667,8,32,75,4.7
noramarg,am,40.023611100000004,44.4244444,8,32,75,4.7
nor armavir,am,40.0866667,43.99,0,32,69,4.7
norashen,am,40.0041667,44.5947222,75,46.4,100,2.37
norashen,am,41.188055600000006,44.3272222,75,46.4,100,2.37
noratus,am,40.3822222,45.1783333,8,8.36,73,1.7
nor geghi,am,40.3211111,44.5797222,8,32,75,4.7
nor gyukh,am,40.2666667,44.656388899999996,8,32,75,4.7
nor yerznka,am,40.3133333,44.4047222,8,32,75,4.7
noyakert,am,39.8166667,44.6669444,32,32,88,4.7
noyemberyan,am,41.1725,44.9936111,0,41,60,24.16
nshavan,am,40.02638889999999,44.5252778,8,32,75,4.7
odzun,am,41.0538889,44.611388899999994,0,13.49,82,2.04
oshakan,am,40.2705556,44.2691667,8,32,75,4.7
pemzashen,am,40.5933333,43.94,0,32,67,4.7
pokr mantash,am,40.65,44.05,0,32,67,4.7
proshyan,am,40.2480556,44.415,8,32,75,4.7
pshatavan,am,40.040555600000005,44.0675,0,32,69,4.7
ptghni,am,40.256666700000004,44.585,8,32,75,4.7
ranchpar,am,40.0252778,44.3702778,8,32,75,4.7
rind,am,39.7597222,45.18,0,35.6,64,2.59
samaghar,am,40.1852778,44.2422222,8,32,75,4.7
saramech,am,40.7725,44.2191667,20,17.6,78,3.36
saratak,am,40.67,43.8663889,64,34.64,91,2.37
sarukhan,am,40.2891667,45.1341667,8,32,73,4.7
sasunik,am,40.2472222,44.338055600000004,8,32,75,4.7
sevan,am,40.555,44.9536111,56,32,86,4.7
shaghat,am,39.5616667,45.9122222,0,35.6,64,1.7
shahumyan,am,39.930833299999996,44.5783333,88,33.02,97,1.14
shahumyan,am,40.7883333,44.5316667,88,33.02,97,1.14
shatin,am,39.8333333,45.3016667,56,21.59,89,1.48
shenavan,am,40.4861111,44.3825,0,32,69,4.7
shenavan,am,40.05,43.9333333,0,32,69,4.7
shinuhayr,am,39.4341667,46.3155556,88,29.15,98,1.7
shirakamut,am,40.860555600000005,44.1527778,20,17.6,78,3.36
shirak,am,40.8480556,43.9213889,20,17.6,78,3.36
shnogh,am,41.1477778,44.8377778,0,41,60,24.16
sisavan,am,39.9,44.6666667,8,32,75,4.7
sisian,am,39.4627778,45.9730556,0,35.6,64,1.7
sis,am,40.0586111,44.3863889,20,37.4,99,6.93
solak,am,40.4636111,44.708611100000006,0,55,54,6.93
sovetakan,am,40.1133333,44.0552778,0,32,69,4.7
spandaryan,am,40.665,44.01888889999999,0,35.6,64,1.7
spitak,am,40.79555560000001,44.2783333,20,17.6,78,3.36
surenavan,am,39.75,44.8,76,32,100,4.7
talin,am,40.33694439999999,43.8588889,0,32,69,4.7
tandzut,am,40.0772222,44.0886111,88,29.15,98,1.7
taronik,am,40.133055600000006,44.1991667,8,32,75,4.7
tashir,am,41.124444399999994,44.28194439999999,20,17.6,78,3.36
tegh,am,39.5547222,46.4758333,88,29.15,98,1.7
tsaghkaber,am,40.7986111,44.1072222,20,17.6,78,3.36
tsaghkadzor,am,40.538611100000004,44.711388899999996,56,32,86,4.7
tsaghkahovit,am,40.6361111,44.2230556,0,32,82,4.7
tsiatsan,am,40.186944399999994,44.2666667,8,32,75,4.7
tsovagyugh,am,40.633055600000006,44.9522222,56,17.9,86,1.7
tsovak,am,40.1819444,45.635,0,14.93,87,3.6
tsovazard,am,40.476944399999994,45.0375,8,32,73,4.7
tsovinar,am,40.1608333,45.453888899999995,0,14.93,87,3.6
tumanyan,am,40.963333299999995,44.6516667,0,13.49,82,2.04
urut,am,41.0711111,44.396944399999995,20,17.6,78,3.36
ushi,am,40.3536111,44.3686111,0,28.34,76,2.48
vagharshapat,am,40.1727778,44.2925,8,32,75,4.7
vaghashen,am,40.1377778,45.3291667,0,14.93,87,3.6
vahagni,am,40.908055600000004,44.606944399999996,20,17.6,78,3.36
vahan,am,40.57,45.3955556,24,21.95,81,1.03
vanadzor,am,40.8127778,44.4883333,20,17.6,78,3.36
vardablur,am,40.95,44.466666700000005,0,32,82,4.7
vardadzor,am,40.1916667,45.1875,0,33.11,80,1.03
vardenik,am,40.135,45.4363889,0,14.93,87,3.6
vardenis,am,40.180555600000005,45.728333299999996,0,14.93,87,3.6
varser,am,40.5561111,44.91111110000001,56,32,86,4.7
vedi,am,39.9105556,44.7277778,8,32,73,4.7
verin artashat,am,40.000555600000006,44.585,8,32,75,4.7
verin dvin,am,40.0252778,44.5908333,8,32,75,4.7
verin getashen,am,40.1327778,45.248611100000005,8,8.36,73,1.7
verishen,am,39.5358333,46.311944399999994,88,29.15,98,1.7
vernashen,am,39.7938889,45.3633333,0,35.6,64,1.48
voskehask,am,40.7383333,43.775833299999995,20,21.2,78,3.36
voskehat,am,40.141388899999995,44.3291667,8,32,75,4.7
voskevan,am,41.1191667,45.0652778,0,41,60,24.16
voskevaz,am,40.2797222,44.295,0,33.11,80,1.03
vostan,am,39.9588889,44.5591667,8,32,75,4.7
yeghegnavan,am,39.8277778,44.637222200000004,32,32,88,4.7
yeghegnut,am,40.0902778,44.1625,75,42.8,56,11.41
yeghegnut,am,40.904166700000005,44.6325,75,42.8,56,11.41
yeghvard,am,40.3216667,44.4813889,8,32,75,4.7
yeraskhahun,am,40.0722222,44.2158333,8,32,75,4.7
yerazgavors,am,40.7,43.75,20,21.2,78,3.36
yerevan,am,40.1811111,44.513611100000006,8,32,75,4.7
zangakatun,am,39.8094444,45.0511111,76,32,100,4.7
zaritap,am,39.637222200000004,45.5086111,0,35.6,64,1.48
zar,am,40.2611111,44.7361111,0,57.77,78,2.26
zhdanov,am,40.161666700000005,44.088333299999995,0,32,69,4.7
zorak,am,40.0925,44.39194439999999,8,32,75,4.7
zoravan,am,40.356944399999996,44.523055600000006,8,32,75,4.7
zovaber,am,40.5736111,44.7863889,56,32,86,4.7
zovuni,am,40.5108333,44.4288889,0,32,82,4.7
absam,at,47.3,11.5,0,39.99,83,2.24
abtenau,at,47.55,13.35,0,45,88,5.82
altach,at,47.35,9.65,0,44.01,93,1.12
althofen,at,47.15,14.233332999999998,20,39,80,3.36
altmunster,at,47.9,13.75,0,45,80,1.12
amstetten,at,48.116667,14.866667000000001,0,45,80,1.12
anif,at,47.75,13.066667,0,45,81,5.82
ansfelden,at,48.2,14.283332999999999,0,45,80,1.12
arnoldstein,at,46.546110999999996,13.71,0,52,73,3.36
asten,at,48.216667,14.4,0,48,81,4.7
axams,at,47.233333,11.3,0,39.99,83,2.24
bad aussee,at,47.6,13.783332999999999,0,45,72,5.82
baden,at,48.016667,16.233333,0,44.01,75,1.12
bad goisern,at,47.633333,13.616667000000001,0,45,72,5.82
bad hall,at,48.033333,14.2,0,45,80,1.12
bad hofgastein,at,47.166667,13.1,0,37,87,1.99
bad ischl,at,47.716667,13.616667000000001,0,45,85,5.82
bad voslau,at,47.966667,16.2,0,44.01,75,1.12
barnbach,at,46.983333,16.05,0,41,74,2.24
bergheim,at,47.833333,13.033333,0,53.01,81,4.7
berndorf,at,47.95,16.1,0,44.01,75,1.12
bischofshofen,at,47.416667,13.216667000000001,0,44.01,88,5.82
bludenz,at,47.149722,9.816667,0,43,84,3.36
braunau,at,48.266667,13.033333,0,46,93,3.36
bregenz,at,47.5,9.766667,0,39.99,84,3.36
bruck an der leitha,at,48.016667,16.766667,0,44.01,75,1.12
bruck an der mur,at,47.416667,15.283332999999999,0,42.01,74,2.24
deutschlandsberg,at,46.815278,15.222222,0,41,74,2.24
deutsch-wagram,at,48.299721999999996,16.566667000000002,0,44.01,75,1.12
dornbirn,at,47.416667,9.733056,0,43,84,3.36
ebbs,at,47.633333,12.216667,0,41,77,5.82
ebensee,at,47.8,13.766667000000002,0,42.01,86,8.05
ebenthal,at,46.608056,14.364167000000002,0,44.01,87,2.24
eberndorf,at,46.591389,14.643610999999998,0,42.01,83,3.36
ebreichsdorf,at,47.95,16.4,0,44.01,75,1.12
eisenerz,at,47.533333,14.883332999999999,0,37,92,1.48
eisenstadt,at,47.85,16.516667,0,44.01,75,1.12
engerwitzdorf,at,48.35,14.45,0,45,80,1.12
enns,at,48.2,14.466667000000001,0,45,80,1.12
feldbach,at,46.953056,15.888333,0,41,74,2.24
feldkirchen an der donau,at,48.35,14.05,0,45,80,1.12
feldkirchen,at,46.716667,14.1,0,39.99,100,2.59
feldkirch,at,47.233056,9.6,0,43,84,3.36
ferlach,at,46.526944,14.301944,0,42.01,83,3.36
finkenstein,at,46.565556,13.865278,0,50,73,3.36
fohnsdorf,at,47.2,14.683333,0,37,74,2.24
frankenburg,at,48.066666999999995,13.483332999999998,0,46.99,93,10.29
freistadt,at,48.5,14.5,0,45,80,1.12
friesach,at,46.955278,14.405833,20,39,80,3.36
frohnleiten,at,47.266667,15.316667,0,37,74,2.24
fugen,at,47.35,11.85,0,39.99,77,2.24
furstenfeld,at,47.05,16.083333,0,41,74,2.24
gallneukirchen,at,48.35,14.416667000000002,0,45,80,1.12
ganserndorf,at,48.35,16.733333,0,44.01,87,2.24
garsten,at,48.016667,14.4,0,45,80,1.12
gleisdorf,at,47.1,15.716667000000001,0,41,74,2.24
gloggnitz,at,47.666667,15.933333,0,44.01,75,1.12
gmunden,at,47.916667,13.8,0,45,80,1.12
gmund,at,48.766667,14.983332999999998,0,39.99,74,3.36
gotzis,at,47.333056,9.633056,0,43,84,3.36
gratkorn,at,47.133333,15.35,0,41,74,2.24
graz,at,47.066666999999995,15.45,0,41,74,2.24
grieskirchen,at,48.233333,13.833332999999998,0,45,80,1.12
grodig,at,47.733333,13.033333,0,45,81,5.82
guntramsdorf,at,48.033333,16.3,0,44.01,75,1.12
haag,at,48.15,15.5,0,45,80,1.12
hainburg,at,48.15,16.933332999999998,0,46,80,2.24
hallein,at,47.683333000000005,13.1,0,45,88,5.82
hall,at,47.6,14.45,90,46.99,93,4.7
hard,at,47.483056,9.683056,0,60.65,71,2.04
heidenreichstein,at,48.866667,15.116667000000001,0,44.01,96,3.83
hermagor,at,46.627221999999996,13.367222,0,52,85,1.59
herzogenburg,at,48.266667,15.683333,0,44.01,75,1.12
himberg,at,48.083333,16.433332999999998,0,52,61,2.24
hochst,at,47.466667,9.633056,0,39.99,84,3.36
hohenems,at,47.366667,9.683056,0,43,84,3.36
hollabrunn,at,48.55,16.083333,0,44.01,93,2.71
hopfgarten,at,47.45,12.166667,0,51.01,81,10.29
horbranz,at,47.55,9.75,0,39.99,84,3.36
horn,at,48.65,15.65,0,44.01,93,3.04
horsching,at,48.233333,14.183333,0,45,80,1.12
imst,at,47.233333,10.733333,0,39.99,89,2.24
innsbruck,at,47.266667,11.4,0,39.99,83,2.24
jenbach,at,47.4,11.783333,0,39.99,77,2.24
jennersdorf,at,46.939167,16.146667,0,41,74,2.24
judenburg,at,47.166667,14.666667000000002,0,37,74,2.24
kapfenberg,at,47.433333000000005,15.3,0,42.01,74,2.24
kindberg,at,47.5,15.45,0,42.01,74,2.24
kirchbichl,at,47.516667,12.083333,0,39.99,77,2.24
kitzbuhel,at,47.45,12.383333,0,41,84,5.82
klagenfurt,at,46.624722,14.305278,0,42.01,83,3.36
klosterneuburg,at,48.3,16.316667000000002,0,44.01,75,1.12
knittelfeld,at,47.216667,14.816667,0,37,74,2.24
koflach,at,47.066666999999995,15.083332999999998,0,37,74,2.24
korneuburg,at,48.35,16.333333,0,44.01,75,1.12
kottingbrunn,at,47.95,16.216667,0,44.01,75,1.12
kremsmunster,at,48.05,14.133332999999999,0,45,80,1.12
krieglach,at,47.533333,15.55,0,42.01,74,2.24
kuchl,at,47.616667,13.15,0,45,88,5.82
kufstein,at,47.583333,12.166667,0,41,77,5.82
laakirchen,at,47.966667,13.816667,0,45,80,1.12
laa,at,48.716667,16.383333,92,77.93,76,3.15
landeck,at,47.133333,10.566667,0,43,89,2.24
langenlois,at,48.466667,15.666667000000002,0,44.01,86,3.04
langenzersdorf,at,48.3,16.35,0,44.01,75,1.12
lauterach,at,47.483056,9.733056,0,39.99,84,3.36
leibnitz,at,46.781667,15.541667000000002,0,41,74,2.24
lenzing,at,47.966667,13.616667000000001,0,44.01,84,5.82
leoben,at,47.383333,15.1,0,41,74,2.24
leonding,at,48.266667,14.25,0,45,80,1.12
lienz,at,46.831111,12.759722,0,33.01,75,1.92
liezen,at,47.566666999999995,14.233332999999998,0,37.99,92,1.92
linz,at,48.3,14.3,0,45,80,1.12
lochau,at,47.533333,9.75,0,39.99,84,3.36
lustenau,at,47.433056,9.65,0,39.99,84,3.36
marchtrenk,at,48.183333000000005,14.116667000000001,0,45,80,1.12
maria enzersdorf,at,48.1,16.283333,0,44.01,75,1.12
mattersburg,at,47.733333,16.4,0,44.01,75,1.12
melk,at,48.216667,15.316667,0,44.01,85,1.99
micheldorf,at,47.85,14.133332999999999,20,39,80,3.36
mistelbach,at,48.57,16.576667,0,44.01,93,3.36
mittelberg,at,47.2,9.65,0,43,78,3.36
mittersill,at,47.266667,12.483333,0,41,84,5.82
modling,at,48.083333,16.283333,0,44.01,75,1.12
moosburg,at,46.6575,14.174722000000001,0,42.01,78,3.36
murzzuschlag,at,47.6,15.683333,0,42.01,86,1.81
nenzing,at,47.183056,9.7,0,43,84,3.36
neudorfl,at,47.783333,16.283333,0,44.01,75,1.12
neulengbach,at,48.2,15.9,0,44.01,75,1.12
neunkirchen,at,47.716667,16.083333,0,44.01,81,3.36
neusiedl am see,at,47.933333000000005,16.833333,0,44.01,81,3.36
nuziders,at,47.166667,9.8,0,43,84,3.36
oberndorf,at,48.25,13.333332999999998,0,44.01,100,2.59
oberwart,at,47.283333,16.2,0,41,74,2.24
pasching,at,48.25,14.2,0,45,86,4.7
paternion,at,46.714166999999996,13.636110999999998,0,39,80,4.7
perchtoldsdorf,at,48.116667,16.266667,0,44.01,81,3.36
